title,isdn,publish_date,author_first_name,author_last_name,author_dob,author_addr_country,author_addr_state,author_addr_city,author_addr_street,author_addr_postal_code
title_00000001,isdn_00000001,05/04/2018 15:27,fn_00000001,ln_00000001,05/04/2018 15:27,country_00000001,state_00000001,city_00000001,street_00000001,pc_00000001
title_00000002,isdn_00000002,05/04/2018 15:27,fn_00000002,ln_00000002,05/04/2018 15:27,country_00000002,state_00000002,city_00000002,street_00000002,pc_00000002
title_00000003,isdn_00000003,05/04/2018 15:27,fn_00000003,ln_00000003,05/04/2018 15:27,country_00000003,state_00000003,city_00000003,street_00000003,pc_00000003
title_00000004,isdn_00000004,05/04/2018 15:27,fn_00000004,ln_00000004,05/04/2018 15:27,country_00000004,state_00000004,city_00000004,street_00000004,pc_00000004
title_00000005,isdn_00000005,05/04/2018 15:27,fn_00000005,ln_00000005,05/04/2018 15:27,country_00000005,state_00000005,city_00000005,street_00000005,pc_00000005
title_00000006,isdn_00000006,05/04/2018 15:27,fn_00000006,ln_00000006,05/04/2018 15:27,country_00000006,state_00000006,city_00000006,street_00000006,pc_00000006
title_00000007,isdn_00000007,05/04/2018 15:27,fn_00000007,ln_00000007,05/04/2018 15:27,country_00000007,state_00000007,city_00000007,street_00000007,pc_00000007
title_00000008,isdn_00000008,05/04/2018 15:27,fn_00000008,ln_00000008,05/04/2018 15:27,country_00000008,state_00000008,city_00000008,street_00000008,pc_00000008
title_00000009,isdn_00000009,05/04/2018 15:27,fn_00000009,ln_00000009,05/04/2018 15:27,country_00000009,state_00000009,city_00000009,street_00000009,pc_00000009
title_00000010,isdn_00000010,05/04/2018 15:27,fn_00000010,ln_00000010,05/04/2018 15:27,country_00000010,state_00000010,city_00000010,street_00000010,pc_00000010
title_00000011,isdn_00000011,05/04/2018 15:27,fn_00000011,ln_00000011,05/04/2018 15:27,country_00000011,state_00000011,city_00000011,street_00000011,pc_00000011
title_00000012,isdn_00000012,05/04/2018 15:27,fn_00000012,ln_00000012,05/04/2018 15:27,country_00000012,state_00000012,city_00000012,street_00000012,pc_00000012
title_00000013,isdn_00000013,05/04/2018 15:27,fn_00000013,ln_00000013,05/04/2018 15:27,country_00000013,state_00000013,city_00000013,street_00000013,pc_00000013
title_00000014,isdn_00000014,05/04/2018 15:27,fn_00000014,ln_00000014,05/04/2018 15:27,country_00000014,state_00000014,city_00000014,street_00000014,pc_00000014
title_00000015,isdn_00000015,05/04/2018 15:27,fn_00000015,ln_00000015,05/04/2018 15:27,country_00000015,state_00000015,city_00000015,street_00000015,pc_00000015
title_00000016,isdn_00000016,05/04/2018 15:27,fn_00000016,ln_00000016,05/04/2018 15:27,country_00000016,state_00000016,city_00000016,street_00000016,pc_00000016
title_00000017,isdn_00000017,05/04/2018 15:27,fn_00000017,ln_00000017,05/04/2018 15:27,country_00000017,state_00000017,city_00000017,street_00000017,pc_00000017
title_00000018,isdn_00000018,05/04/2018 15:27,fn_00000018,ln_00000018,05/04/2018 15:27,country_00000018,state_00000018,city_00000018,street_00000018,pc_00000018
title_00000019,isdn_00000019,05/04/2018 15:27,fn_00000019,ln_00000019,05/04/2018 15:27,country_00000019,state_00000019,city_00000019,street_00000019,pc_00000019
title_00000020,isdn_00000020,05/04/2018 15:27,fn_00000020,ln_00000020,05/04/2018 15:27,country_00000020,state_00000020,city_00000020,street_00000020,pc_00000020
title_00000021,isdn_00000021,05/04/2018 15:27,fn_00000021,ln_00000021,05/04/2018 15:27,country_00000021,state_00000021,city_00000021,street_00000021,pc_00000021
title_00000022,isdn_00000022,05/04/2018 15:27,fn_00000022,ln_00000022,05/04/2018 15:27,country_00000022,state_00000022,city_00000022,street_00000022,pc_00000022
title_00000023,isdn_00000023,05/04/2018 15:27,fn_00000023,ln_00000023,05/04/2018 15:27,country_00000023,state_00000023,city_00000023,street_00000023,pc_00000023
title_00000024,isdn_00000024,05/04/2018 15:27,fn_00000024,ln_00000024,05/04/2018 15:27,country_00000024,state_00000024,city_00000024,street_00000024,pc_00000024
title_00000025,isdn_00000025,05/04/2018 15:27,fn_00000025,ln_00000025,05/04/2018 15:27,country_00000025,state_00000025,city_00000025,street_00000025,pc_00000025
title_00000026,isdn_00000026,05/04/2018 15:27,fn_00000026,ln_00000026,05/04/2018 15:27,country_00000026,state_00000026,city_00000026,street_00000026,pc_00000026
title_00000027,isdn_00000027,05/04/2018 15:27,fn_00000027,ln_00000027,05/04/2018 15:27,country_00000027,state_00000027,city_00000027,street_00000027,pc_00000027
title_00000028,isdn_00000028,05/04/2018 15:27,fn_00000028,ln_00000028,05/04/2018 15:27,country_00000028,state_00000028,city_00000028,street_00000028,pc_00000028
title_00000029,isdn_00000029,05/04/2018 15:27,fn_00000029,ln_00000029,05/04/2018 15:27,country_00000029,state_00000029,city_00000029,street_00000029,pc_00000029
title_00000030,isdn_00000030,05/04/2018 15:27,fn_00000030,ln_00000030,05/04/2018 15:27,country_00000030,state_00000030,city_00000030,street_00000030,pc_00000030
title_00000031,isdn_00000031,05/04/2018 15:27,fn_00000031,ln_00000031,05/04/2018 15:27,country_00000031,state_00000031,city_00000031,street_00000031,pc_00000031
title_00000032,isdn_00000032,05/04/2018 15:27,fn_00000032,ln_00000032,05/04/2018 15:27,country_00000032,state_00000032,city_00000032,street_00000032,pc_00000032
title_00000033,isdn_00000033,05/04/2018 15:27,fn_00000033,ln_00000033,05/04/2018 15:27,country_00000033,state_00000033,city_00000033,street_00000033,pc_00000033
title_00000034,isdn_00000034,05/04/2018 15:27,fn_00000034,ln_00000034,05/04/2018 15:27,country_00000034,state_00000034,city_00000034,street_00000034,pc_00000034
title_00000035,isdn_00000035,05/04/2018 15:27,fn_00000035,ln_00000035,05/04/2018 15:27,country_00000035,state_00000035,city_00000035,street_00000035,pc_00000035
title_00000036,isdn_00000036,05/04/2018 15:27,fn_00000036,ln_00000036,05/04/2018 15:27,country_00000036,state_00000036,city_00000036,street_00000036,pc_00000036
title_00000037,isdn_00000037,05/04/2018 15:27,fn_00000037,ln_00000037,05/04/2018 15:27,country_00000037,state_00000037,city_00000037,street_00000037,pc_00000037
title_00000038,isdn_00000038,05/04/2018 15:27,fn_00000038,ln_00000038,05/04/2018 15:27,country_00000038,state_00000038,city_00000038,street_00000038,pc_00000038
title_00000039,isdn_00000039,05/04/2018 15:27,fn_00000039,ln_00000039,05/04/2018 15:27,country_00000039,state_00000039,city_00000039,street_00000039,pc_00000039
title_00000040,isdn_00000040,05/04/2018 15:27,fn_00000040,ln_00000040,05/04/2018 15:27,country_00000040,state_00000040,city_00000040,street_00000040,pc_00000040
title_00000041,isdn_00000041,05/04/2018 15:27,fn_00000041,ln_00000041,05/04/2018 15:27,country_00000041,state_00000041,city_00000041,street_00000041,pc_00000041
title_00000042,isdn_00000042,05/04/2018 15:27,fn_00000042,ln_00000042,05/04/2018 15:27,country_00000042,state_00000042,city_00000042,street_00000042,pc_00000042
title_00000043,isdn_00000043,05/04/2018 15:27,fn_00000043,ln_00000043,05/04/2018 15:27,country_00000043,state_00000043,city_00000043,street_00000043,pc_00000043
title_00000044,isdn_00000044,05/04/2018 15:27,fn_00000044,ln_00000044,05/04/2018 15:27,country_00000044,state_00000044,city_00000044,street_00000044,pc_00000044
title_00000045,isdn_00000045,05/04/2018 15:27,fn_00000045,ln_00000045,05/04/2018 15:27,country_00000045,state_00000045,city_00000045,street_00000045,pc_00000045
title_00000046,isdn_00000046,05/04/2018 15:27,fn_00000046,ln_00000046,05/04/2018 15:27,country_00000046,state_00000046,city_00000046,street_00000046,pc_00000046
title_00000047,isdn_00000047,05/04/2018 15:27,fn_00000047,ln_00000047,05/04/2018 15:27,country_00000047,state_00000047,city_00000047,street_00000047,pc_00000047
title_00000048,isdn_00000048,05/04/2018 15:27,fn_00000048,ln_00000048,05/04/2018 15:27,country_00000048,state_00000048,city_00000048,street_00000048,pc_00000048
title_00000049,isdn_00000049,05/04/2018 15:27,fn_00000049,ln_00000049,05/04/2018 15:27,country_00000049,state_00000049,city_00000049,street_00000049,pc_00000049
title_00000050,isdn_00000050,05/04/2018 15:27,fn_00000050,ln_00000050,05/04/2018 15:27,country_00000050,state_00000050,city_00000050,street_00000050,pc_00000050
title_00000051,isdn_00000051,05/04/2018 15:27,fn_00000051,ln_00000051,05/04/2018 15:27,country_00000051,state_00000051,city_00000051,street_00000051,pc_00000051
title_00000052,isdn_00000052,05/04/2018 15:27,fn_00000052,ln_00000052,05/04/2018 15:27,country_00000052,state_00000052,city_00000052,street_00000052,pc_00000052
title_00000053,isdn_00000053,05/04/2018 15:27,fn_00000053,ln_00000053,05/04/2018 15:27,country_00000053,state_00000053,city_00000053,street_00000053,pc_00000053
title_00000054,isdn_00000054,05/04/2018 15:27,fn_00000054,ln_00000054,05/04/2018 15:27,country_00000054,state_00000054,city_00000054,street_00000054,pc_00000054
title_00000055,isdn_00000055,05/04/2018 15:27,fn_00000055,ln_00000055,05/04/2018 15:27,country_00000055,state_00000055,city_00000055,street_00000055,pc_00000055
title_00000056,isdn_00000056,05/04/2018 15:27,fn_00000056,ln_00000056,05/04/2018 15:27,country_00000056,state_00000056,city_00000056,street_00000056,pc_00000056
title_00000057,isdn_00000057,05/04/2018 15:27,fn_00000057,ln_00000057,05/04/2018 15:27,country_00000057,state_00000057,city_00000057,street_00000057,pc_00000057
title_00000058,isdn_00000058,05/04/2018 15:27,fn_00000058,ln_00000058,05/04/2018 15:27,country_00000058,state_00000058,city_00000058,street_00000058,pc_00000058
title_00000059,isdn_00000059,05/04/2018 15:27,fn_00000059,ln_00000059,05/04/2018 15:27,country_00000059,state_00000059,city_00000059,street_00000059,pc_00000059
title_00000060,isdn_00000060,05/04/2018 15:27,fn_00000060,ln_00000060,05/04/2018 15:27,country_00000060,state_00000060,city_00000060,street_00000060,pc_00000060
title_00000061,isdn_00000061,05/04/2018 15:27,fn_00000061,ln_00000061,05/04/2018 15:27,country_00000061,state_00000061,city_00000061,street_00000061,pc_00000061
title_00000062,isdn_00000062,05/04/2018 15:27,fn_00000062,ln_00000062,05/04/2018 15:27,country_00000062,state_00000062,city_00000062,street_00000062,pc_00000062
title_00000063,isdn_00000063,05/04/2018 15:27,fn_00000063,ln_00000063,05/04/2018 15:27,country_00000063,state_00000063,city_00000063,street_00000063,pc_00000063
title_00000064,isdn_00000064,05/04/2018 15:27,fn_00000064,ln_00000064,05/04/2018 15:27,country_00000064,state_00000064,city_00000064,street_00000064,pc_00000064
title_00000065,isdn_00000065,05/04/2018 15:27,fn_00000065,ln_00000065,05/04/2018 15:27,country_00000065,state_00000065,city_00000065,street_00000065,pc_00000065
title_00000066,isdn_00000066,05/04/2018 15:27,fn_00000066,ln_00000066,05/04/2018 15:27,country_00000066,state_00000066,city_00000066,street_00000066,pc_00000066
title_00000067,isdn_00000067,05/04/2018 15:27,fn_00000067,ln_00000067,05/04/2018 15:27,country_00000067,state_00000067,city_00000067,street_00000067,pc_00000067
title_00000068,isdn_00000068,05/04/2018 15:27,fn_00000068,ln_00000068,05/04/2018 15:27,country_00000068,state_00000068,city_00000068,street_00000068,pc_00000068
title_00000069,isdn_00000069,05/04/2018 15:27,fn_00000069,ln_00000069,05/04/2018 15:27,country_00000069,state_00000069,city_00000069,street_00000069,pc_00000069
title_00000070,isdn_00000070,05/04/2018 15:27,fn_00000070,ln_00000070,05/04/2018 15:27,country_00000070,state_00000070,city_00000070,street_00000070,pc_00000070
title_00000071,isdn_00000071,05/04/2018 15:27,fn_00000071,ln_00000071,05/04/2018 15:27,country_00000071,state_00000071,city_00000071,street_00000071,pc_00000071
title_00000072,isdn_00000072,05/04/2018 15:27,fn_00000072,ln_00000072,05/04/2018 15:27,country_00000072,state_00000072,city_00000072,street_00000072,pc_00000072
title_00000073,isdn_00000073,05/04/2018 15:27,fn_00000073,ln_00000073,05/04/2018 15:27,country_00000073,state_00000073,city_00000073,street_00000073,pc_00000073
title_00000074,isdn_00000074,05/04/2018 15:27,fn_00000074,ln_00000074,05/04/2018 15:27,country_00000074,state_00000074,city_00000074,street_00000074,pc_00000074
title_00000075,isdn_00000075,05/04/2018 15:27,fn_00000075,ln_00000075,05/04/2018 15:27,country_00000075,state_00000075,city_00000075,street_00000075,pc_00000075
title_00000076,isdn_00000076,05/04/2018 15:27,fn_00000076,ln_00000076,05/04/2018 15:27,country_00000076,state_00000076,city_00000076,street_00000076,pc_00000076
title_00000077,isdn_00000077,05/04/2018 15:27,fn_00000077,ln_00000077,05/04/2018 15:27,country_00000077,state_00000077,city_00000077,street_00000077,pc_00000077
title_00000078,isdn_00000078,05/04/2018 15:27,fn_00000078,ln_00000078,05/04/2018 15:27,country_00000078,state_00000078,city_00000078,street_00000078,pc_00000078
title_00000079,isdn_00000079,05/04/2018 15:27,fn_00000079,ln_00000079,05/04/2018 15:27,country_00000079,state_00000079,city_00000079,street_00000079,pc_00000079
title_00000080,isdn_00000080,05/04/2018 15:27,fn_00000080,ln_00000080,05/04/2018 15:27,country_00000080,state_00000080,city_00000080,street_00000080,pc_00000080
title_00000081,isdn_00000081,05/04/2018 15:27,fn_00000081,ln_00000081,05/04/2018 15:27,country_00000081,state_00000081,city_00000081,street_00000081,pc_00000081
title_00000082,isdn_00000082,05/04/2018 15:27,fn_00000082,ln_00000082,05/04/2018 15:27,country_00000082,state_00000082,city_00000082,street_00000082,pc_00000082
title_00000083,isdn_00000083,05/04/2018 15:27,fn_00000083,ln_00000083,05/04/2018 15:27,country_00000083,state_00000083,city_00000083,street_00000083,pc_00000083
title_00000084,isdn_00000084,05/04/2018 15:27,fn_00000084,ln_00000084,05/04/2018 15:27,country_00000084,state_00000084,city_00000084,street_00000084,pc_00000084
title_00000085,isdn_00000085,05/04/2018 15:27,fn_00000085,ln_00000085,05/04/2018 15:27,country_00000085,state_00000085,city_00000085,street_00000085,pc_00000085
title_00000086,isdn_00000086,05/04/2018 15:27,fn_00000086,ln_00000086,05/04/2018 15:27,country_00000086,state_00000086,city_00000086,street_00000086,pc_00000086
title_00000087,isdn_00000087,05/04/2018 15:27,fn_00000087,ln_00000087,05/04/2018 15:27,country_00000087,state_00000087,city_00000087,street_00000087,pc_00000087
title_00000088,isdn_00000088,05/04/2018 15:27,fn_00000088,ln_00000088,05/04/2018 15:27,country_00000088,state_00000088,city_00000088,street_00000088,pc_00000088
title_00000089,isdn_00000089,05/04/2018 15:27,fn_00000089,ln_00000089,05/04/2018 15:27,country_00000089,state_00000089,city_00000089,street_00000089,pc_00000089
title_00000090,isdn_00000090,05/04/2018 15:27,fn_00000090,ln_00000090,05/04/2018 15:27,country_00000090,state_00000090,city_00000090,street_00000090,pc_00000090
title_00000091,isdn_00000091,05/04/2018 15:27,fn_00000091,ln_00000091,05/04/2018 15:27,country_00000091,state_00000091,city_00000091,street_00000091,pc_00000091
title_00000092,isdn_00000092,05/04/2018 15:27,fn_00000092,ln_00000092,05/04/2018 15:27,country_00000092,state_00000092,city_00000092,street_00000092,pc_00000092
title_00000093,isdn_00000093,05/04/2018 15:27,fn_00000093,ln_00000093,05/04/2018 15:27,country_00000093,state_00000093,city_00000093,street_00000093,pc_00000093
title_00000094,isdn_00000094,05/04/2018 15:27,fn_00000094,ln_00000094,05/04/2018 15:27,country_00000094,state_00000094,city_00000094,street_00000094,pc_00000094
title_00000095,isdn_00000095,05/04/2018 15:27,fn_00000095,ln_00000095,05/04/2018 15:27,country_00000095,state_00000095,city_00000095,street_00000095,pc_00000095
title_00000096,isdn_00000096,05/04/2018 15:27,fn_00000096,ln_00000096,05/04/2018 15:27,country_00000096,state_00000096,city_00000096,street_00000096,pc_00000096
title_00000097,isdn_00000097,05/04/2018 15:27,fn_00000097,ln_00000097,05/04/2018 15:27,country_00000097,state_00000097,city_00000097,street_00000097,pc_00000097
title_00000098,isdn_00000098,05/04/2018 15:27,fn_00000098,ln_00000098,05/04/2018 15:27,country_00000098,state_00000098,city_00000098,street_00000098,pc_00000098
title_00000099,isdn_00000099,05/04/2018 15:27,fn_00000099,ln_00000099,05/04/2018 15:27,country_00000099,state_00000099,city_00000099,street_00000099,pc_00000099
title_00000100,isdn_00000100,05/04/2018 15:27,fn_00000100,ln_00000100,05/04/2018 15:27,country_00000100,state_00000100,city_00000100,street_00000100,pc_00000100